week,temperature,bi,bi_normalized,observed_cases,predicted_cases,L,P,S_m,E_m,I_m,M_total,S_h,E_h,I_h,R_h,R0
0,15.16995951417,3.366666666666667,0.9946975464126836,1.8475750577367205,12.933025404157043,163784613.58450428,49135384.07535128,14003584.461475115,442218.4566781615,294812.3044521077,14740615.222605385,13999980.600461893,6.466512702078522,12.933025404157044,9.80792336235936e-10,5.016116758693057e-05
1,15.780418109050386,3.366666666666668,0.9946975464126838,1.7409021329251315,11.767424884947538,114403558.48503155,42243266.17547514,4280288.792514299,32128.72178731069,75703.21006849839,4388120.724370109,13999969.014205571,6.924653701838876,11.76742488494754,12.293715841949554,4.249475829505795e-05
2,16.24559243995791,3.366666666666668,0.9946975464126838,1.6342292081135426,8.722763009991317,78018208.81814855,34326581.25462482,3098279.3844115655,2794.327698790984,16091.576505528963,3117165.288615885,13999965.102640618,3.470669066674164,8.722763009991318,22.703927305695693,4.945827678427637e-05
3,16.60953670415942,3.3666666666666676,0.9946975464126837,1.5275562833019536,5.09173208753369,64513414.45893136,27628070.072141644,2866493.1095280447,276.79344061754495,3490.4274819207494,2870260.3304505832,13999963.999466056,1.3541736024203168,5.091732087533691,29.554628254041823,6.063324721021084e-05
4,16.916305098921775,3.366666666666667,0.9946975464126836,1.4208833584903648,2.5594967555088024,62291581.58448722,23447690.695951607,2757291.7964856843,30.228490092737985,798.2274994653714,2758120.2524752426,13999963.698043667,0.4708942107809601,2.5594967555088024,33.27156536693024,7.269616947453729e-05
5,17.209951821511844,3.366666666666667,0.9946975464126836,1.3856812933025404,1.172379874033212,65478702.24330939,21686642.888598677,2774731.110680602,3.5753250997174013,193.6574321057888,2774928.3434378076,13999963.614196317,0.15447304227314082,1.172379874033212,35.05895076642325,8.803299204016947e-05
6,17.534531069196476,3.366666666666666,0.9946975464126832,1.3856812933025404,0.5058621029939694,73888243.90220432,22065868.251423355,3008117.88904748,0.45698035821748967,50.08115378734587,3008168.4271816257,13999963.589687707,0.049383999177202216,0.5058621029939694,35.85506619092621,0.00011231730528308747
7,17.934097039242538,3.3666666666666654,0.994697546412683,1.3856812933025404,0.20989324466508413,91600895.6311775,24959867.180397507,3610104.129200862,0.06580565587432599,13.943162485980569,3610118.1381690037,13999963.58192806,0.015782993412999997,0.20989324466508413,36.19239570246319,0.00015689983812297847
8,18.452703928916883,3.3666666666666663,0.9946975464126833,1.3856812933025404,0.08491365934805224,130101499.17155828,32304792.18990381,4967039.94663042,0.01478654776623605,4.24975587733548,4967044.211172845,13999963.579177037,0.005183404455939048,0.08491365934805224,36.33072589931456,0.0002493602571921855
9,19.13368298417142,3.366666666666667,0.9946975464126836,1.3675468960845703,0.03384577973793459,224302243.43489853,50528971.072221264,8262623.731737767,0.012640248469385076,1.4522026734032798,8262625.1965806885,13999963.5780452,0.0018165165118828026,0.03384577973793459,36.386292503193665,0.00046968182611821285
10,19.978999774773033,3.366666666666668,0.9946975464126838,1.3142104336787759,0.013421964119639265,503525288.2748906,103502010.0129476,17930783.37981416,0.031234031225076283,0.5774630202002649,17930783.98851121,13999963.577484312,0.0007193820458939373,0.013421964119639267,36.408374342298515,0.0010722617570103237
11,20.927633638471473,3.3666666666666685,0.9946975464126839,1.2608739712729813,0.005364762470003183,1511710226.102485,295671929.6582359,54428514.07816221,0.12421559623102608,0.300075409956118,54428514.502453215,13999963.57713502,0.0003516479177607605,0.005364762470003183,36.41714856874525,0.0029257089115418697
12,21.913275758852993,3.3666666666666685,0.9946975464126839,1.207537508867187,0.0022365099970608504,5175024465.563228,1075969687.5482101,223002551.88063318,0.6867298888845054,0.3542939470869962,223002552.921657,13999963.576781353,0.0002812440323561959,0.0022365099970608504,36.420700892988656,0.008972527840514269
13,22.869617336177477,3.3666666666666676,0.9946975464126837,1.1563345049576241,0.0012751263630204266,15008393389.764814,3695157858.3167753,969382129.6132244,4.215587922575962,1.438458180470918,969382135.2672706,13999963.575589295,0.000818011980642223,0.0012751263630204266,36.422317566179665,0.026520606858421083
14,23.7475283575764,3.3666666666666636,0.9946975464126825,1.3163438921750075,0.002978502462456029,34119003479.34346,9937776356.681654,3481387234.4196734,21.546657017777967,7.817423453236601,3481387263.783754,13999963.567672892,0.005269976836463153,0.002978502462456029,36.424078629158764,0.0655990420303219
15,24.56456336012249,3.36666666666666,0.9946975464126815,1.476353279392391,0.016162806696804054,63916118818.28932,21194792156.80866,9767357830.341927,82.00673119565313,34.7685703256134,9767357947.117228,13999963.521917822,0.03002135392970581,0.016162806696804054,36.43189801753404,0.13328272001282032
16,25.35445528354592,3.3666666666666596,0.9946975464126814,1.6363626666097744,0.0756945226410386,104088432629.63477,37969689609.775505,22231872954.038406,238.7005545620846,119.86971265227622,22231873312.608673,13999963.324559104,0.12834229418035625,0.0756945226410386,36.47140407948107,0.2285996602385093
17,26.150937067576848,3.366666666666664,0.9946975464126826,1.7963720538271577,0.2743871989999904,152794404733.99957,59810836182.48187,42895418383.340034,558.4850676669124,330.23652526651955,42895419272.06163,13999962.67615987,0.420366675827272,0.2743871989999904,36.62908625529325,0.3388390246579933
18,26.98149788505807,3.366666666666676,0.9946975464126862,1.77503746886484,0.7889043871865117,206494753653.00446,85289565848.42929,72324256037.3684,1090.3376744543707,751.6039547827698,72324257879.31003,13999960.991688967,1.0942065924294695,0.7889043871865118,37.125200053632916,0.4386868938076979
19,27.80444602255497,3.3666666666666907,0.9946975464126905,1.668364544053251,1.8467166409679288,259368677346.3432,111817764455.87315,108247475107.33484,1811.1362191052735,1442.7223074710398,108247478361.19336,13999957.447041474,2.3176523520221743,1.8467166409679288,38.38858953272716,0.5004737650047576
20,28.535021373381152,3.3666666666666973,0.9946975464126925,1.561691619241662,3.5771632415044006,303314924744.1279,135609003330.58052,144693729279.80118,2578.8642844673186,2359.0742695310237,144693734217.73975,13999951.33838641,4.040910978434697,3.577163241504401,41.0435393692136,0.5176399142278988
21,29.08781314722587,3.3666666666666876,0.9946975464126896,1.4550186944300731,5.825176632025173,332278437982.76526,153284275775.6897,174277084391.7897,3194.5833714029927,3324.571356847045,174277090910.94443,13999942.556417733,5.904482840300464,5.825176632025173,45.7139227942435,0.5082955495982865
22,29.378791511015923,3.36666666666665,0.9946975464126785,1.5536911498807937,8.1761174438694,346719749288.91266,163962881145.5612,193108543516.47903,3560.5237792075714,4137.485946134521,193108551214.48874,13999931.6075407,7.492339581163143,8.1761174438694,52.724002274382805,0.5003872949430803
23,29.397648812368413,3.366666666666595,0.9946975464126623,2.033719311532944,10.270297342676963,353733469658.14325,169834013414.16638,203885160544.69647,3770.477259400286,4741.745511544962,203885169056.91925,13999919.03558466,8.716215783943543,10.270297342676963,61.97790221313253,0.511835371307885
24,29.243382378615305,3.3666666666665543,0.9946975464126503,2.5137474731850937,12.070590317796723,361271210893.758,174320292802.68814,212844995413.6987,4002.4261059897003,5252.531914452536,212845004668.65674,13999904.936279124,9.824033711102441,12.070590317796723,73.16909684745183,0.5423453128637181
25,29.023834910414877,3.366666666666568,0.9946975464126543,2.9937756348372435,13.793119924345351,372375171630.8226,179587880970.14865,224212148044.57675,4357.507346117925,5817.247078696311,224212158219.33118,13999889.024214502,11.08442750262184,13.793119924345351,86.09823807060882,0.5846463135206895
26,28.846848889750127,3.3666666666666707,0.9946975464126846,3.510072590925333,15.70028972205175,386610709112.80634,186208660754.95282,239183523154.42996,4854.070524986319,6529.777340963248,239183534538.27783,13999870.819925912,12.658150010741725,15.70028972205175,100.82163435548196,0.6267246056897993
27,28.791260187973727,3.366666666666868,0.9946975464127429,5.803540474374495,17.950532182777266,401658045048.50616,193574539924.48355,256356958663.47394,5440.686826427948,7399.914066874881,256356971504.07483,13999849.888987828,14.545029031164432,17.950532182777266,117.61545095801222,0.6561582483184479
28,28.82663201778935,3.3666666666670513,0.9946975464127971,8.097008357823656,20.518619290532524,414720863520.68976,200517899157.21503,272723695439.31573,6016.25917060429,8350.2514507237,272723709805.8264,13999826.078103919,16.575390528593633,20.518619290532524,136.82788626229166,0.6719802603699538
29,28.896800672075504,3.366666666667083,0.9946975464128064,10.390476241272818,23.23660736240494,424616354906.49805,206228913906.9842,286164294056.51886,6511.766312633712,9281.372630915406,286164309849.6578,13999799.504151914,18.55864672600557,23.236607362404943,158.70059399732074,0.6785117715621296
30,28.945602443710662,3.366666666666826,0.9946975464127306,12.683944124721979,25.898675119149154,431360581709.3498,210438212473.44684,296007367737.83435,6904.244995634498,10119.529413892778,296007384761.60876,13999770.465520268,20.355604206998173,25.898675119149154,183.28020040554654,0.6830759093227892
31,28.91933465095316,3.36666666666618,0.9946975464125396,53.25165743056914,28.37160135324646,436169340343.4963,213476171656.60437,303164617202.9473,7225.146920470153,10852.785892973765,303164635280.8801,13999739.236568915,21.95769457757603,28.37160135324646,210.43413515445113,0.6951066442687889
32,28.790610553196984,3.366666666665421,0.9946975464123154,111.01504621604458,30.695670839785944,441340115446.7417,216244769911.22568,310058839238.8748,7565.08023338673,11555.71766305289,310058858359.6727,13999705.781912895,23.545160220188325,30.695670839785947,239.9772560451062,0.7217129606823214
33,28.547992267793713,3.3666666666650604,0.9946975464122089,168.77843500152002,33.10886763776655,449090897144.66016,219809567766.38736,319577871713.7372,8037.8457896990985,12368.225074180933,319577892119.80804,13999669.603565425,25.42498702526925,33.10886763776656,271.8625799122835,0.7674812046919053
34,28.18026509139009,3.366666666665605,0.9946975464123697,226.54182378699545,36.00021756946508,460866291525.4453,225020613104.04352,334294722648.19135,8758.098817161135,13466.00527081272,334294744872.2954,13999629.66800024,27.96798587200395,36.000217569465086,306.3637963186521,0.8350027382236169
35,27.6768573412459,3.3666666666675513,0.9946975464129448,248.20709481622922,39.854380865183494,477031667951.7309,232271106165.5195,356150081719.9193,9837.654893107969,15047.78700090498,356150106605.3612,13999584.37163043,31.580305903505266,39.854380865183494,344.19368280108966,0.9214175214019577
36,27.059293677645975,3.366666666670451,0.9946975464138015,205.69793427881103,45.17597724866459,496177437552.20013,241160639304.78943,385803272025.1005,11358.005463271596,17313.549654417482,385803300696.6557,13999531.639311578,36.61717550152786,45.17597724866459,386.5675356716828,1.0092970251372386
37,26.395439465874347,3.3666666666725016,0.9946975464144073,163.18877374139282,52.29226153642099,514253479448.3226,250092784824.0822,420993935393.5484,13271.125826657473,20371.878855172687,420993969036.5531,13999469.461911082,43.10726141835651,52.292261536420995,435.1385659629547,1.0684877568749467
38,25.756772982642705,3.3666666666717946,0.9946975464141985,120.67961320397461,61.053619053548346,526003017442.906,256712270196.97818,455823837658.85645,15315.234535209405,24101.661907954072,455823877075.7529,13999396.783465305,50.485648574424815,61.05361905354835,491.6772670666836,1.0785575293207283
39,25.214771553047715,3.366666666666419,0.9946975464126102,79.01850241880855,70.6723599675083,528054940819.45966,259170702361.65326,482958711282.3679,17084.810465514733,28097.966937604466,482958756465.1453,13999314.145588296,57.6906377315861,70.67235996750831,557.4914140053713,1.0462755386346814
40,24.80240314414661,3.366666666656115,0.9946975464095659,64.77766695646142,79.96551027590436,521201682844.5458,257300477748.5852,497397058767.69604,18251.156800522007,31795.2093418859,497397108814.0622,13999223.458135735,63.70768679502433,79.96551027590438,632.8686671938277,0.9949096133411065
41,24.411843186089943,3.3666666666466303,0.9946975464067636,50.53683149411429,87.86919334738255,508930938718.76764,252320859207.21597,498756795221.5902,18733.227030674298,34724.72765190992,498756848679.5449,13999127.166154483,68.04087683649034,87.86919334738255,716.9237753327939,0.9227329646618886
42,23.903099947986828,3.366666666645086,0.9946975464063074,36.29599603176716,93.25141735681092,489389097552.7755,243820288147.45514,486877935401.2342,18372.502316489416,36446.26609469677,486877990220.0026,13999029.305902908,69.72459113149361,93.25141735681092,807.7180886040705,0.808329093563228
43,23.136181698946388,3.3666666666586074,0.9946975464103023,22.055160569420032,94.28079751530065,455830306035.4933,229296687641.87827,457596679852.14307,16737.450188672592,36247.543773591475,457596732837.137,13998937.014023123,66.82369455816035,94.28079751530065,901.88148480323,0.6284230357748748
44,21.990243347549193,3.366666666692391,0.9946975464202839,15.24409432020011,88.20499338658264,397917370143.1645,204697748722.09882,401422759938.3441,13288.43719322589,32962.6473228514,401422806189.42865,13998861.241097195,56.812259756343614,88.20499338658264,993.7416496619999,0.3923325683412019
45,20.54210233989294,3.3666666667317386,0.9946975464319092,11.617214876606091,72.7779585050614,307013898209.50037,166891679402.4476,308495625692.0306,8207.340553816259,25526.33360575287,308495659425.7048,13998813.124845304,39.15548383413512,72.7779585050614,1074.9417123572084,0.18458441041360021
46,18.985186413200246,3.3666666667502194,0.9946975464373695,7.990335433012072,50.586754898591906,198036576769.02182,121338826055.27818,191529354043.5576,3513.611507362585,15341.213869361256,191529372898.38297,13998792.24889741,20.251999037194295,50.58675489859191,1136.9123486532847,0.06597003932748986
47,17.51443047456467,3.3666666667212484,0.9946975464288098,4.363455989418052,29.25420874771744,104374475059.36487,79810170254.76367,90166666131.05087,983.3375144574745,6617.033608390206,90166673731.422,13998786.462725397,7.820750030841672,29.25420874771744,1176.4623158242414,0.019205143514229795
48,16.322367762892533,3.3666666666193046,0.9946975463986901,2.039052957773523,14.462403821080411,46171818410.591675,49571719193.2722,31919801012.558403,182.15185088149937,1979.5733979821393,31919803174.283653,13998785.415701827,2.4190179445326963,14.462403821080413,1197.7028764073525,0.005273163992663809
49,15.489219711206214,3.3666666664685287,0.9946975463541426,1.932380032961934,6.399614795042763,18929661265.671204,30290630833.154224,9340382373.275167,24.54718993075409,424.1305040713319,9340382821.952862,13998785.274792844,0.6600812838066047,6.399614795042763,1207.665511076721,0.0015930947340012278
50,14.937292178012735,3.366666666362891,0.9946975463229315,1.825707108150345,2.6406866459179423,8204586813.911579,18566983389.431934,2761338647.2229376,2.881956600091796,70.56932838674456,2761338720.6742225,13998785.258344702,0.16998841409927173,2.6406866459179423,1211.9309802375603,0.0005776913687122964
51,14.577035259569934,3.366666666401604,0.9946975463343695,1.7190341833387561,1.044295110756782,4061031307.408338,11478987369.888071,994961848.8327137,0.3905158838808695,9.873509508676973,994961859.0967392,13998785.256552337,0.042690153415159846,1.044295110756782,1213.6564623990905,0.00026400243681246944
52,14.318900405461932,3.366666666683874,0.9946975464177673,1.6336958434894844,0.4023685492384979,2306103285.56314,7159237607.754437,451528009.68745685,0.08508108622522068,1.2427596815725435,451528011.01529765,13998785.256363329,0.010607696726520312,0.4023685492384979,1214.3306604254888,0.00014569057262635602
53,14.09711971464731,3.366666667220913,0.9946975465764382,2.0603875427358402,0.15253345445521369,1520834694.00723,4507393030.620262,236124065.62872356,0.02980503195672382,0.15079756261770016,236124065.80932617,13998785.256343797,0.0026241003560204183,0.15253345445521369,1214.5884986483395,8.852544362127005e-05
54,13.930309239558666,3.366666667711681,0.9946975467214378,2.4870792419821965,0.05722861012949329,1039642870.0469697,2865098199.2975864,131316106.87385577,0.01298326834447042,0.02032270656280999,131316106.90716174,13998785.256341735,0.0006479781455859781,0.05722861012949329,1214.685781676824,0.00016623188998098764
55,13.85579341510941,3.3666666677859154,0.9946975467433707,2.9137709412285524,0.021328726580695397,718579975.6317827,1835255796.9358044,76289318.55102417,0.017108932751039172,0.006981617684627603,76289318.57511471,13998785.256340813,0.00016023422260737016,0.0213287265806954,1214.7221702263048,0.00012601874277679513
56,13.91089667621294,3.366666667073349,0.9946975465328396,3.3404626404749083,0.007914585357457517,501103285.17082256,1181252676.0951388,46715511.874711834,0.01071543528251835,0.004062237373222954,46715511.8894895,13998785.256340377,3.9736739972131374e-05,0.007914585357457517,1214.7357053008698,9.900841032966545e-05
57,14.13300056711072,3.366666665308234,0.9946975460113282,3.236989903407667,0.0029285758967760723,354472606.6342806,761420838.6362704,30573278.041541588,0.006956431669054592,0.0025790128975755598,30573278.051077034,13998785.256340113,9.936368809124023e-06,0.0029285758967760728,1214.7407213751974,3.276967899595208e-05
58,14.56005604305295,3.366666663266912,0.9946975454082099,2.9169711289729,0.0010816020786297994,256649100.78111497,489767383.77306485,21673030.11786786,0.0022160852745714706,0.0011173975656920924,21673030.121201344,13998785.256340057,2.479513758388305e-06,0.0010816020786297994,1214.7425758617499,3.846027260267231e-05
59,15.23034102495658,3.366666662324109,0.9946975451296542,2.596952354538134,0.00039896614050956574,192619732.36052698,313329536.5084296,16835134.819998175,0.0021279122721796872,0.0007918076016616918,16835134.822917894,13998785.256340018,6.326740497685232e-07,0.00039896614050956574,1214.7432603836432,5.60378534683646e-05
60,16.182137325318877,3.3666666638616736,0.994697545583935,2.276933580103367,0.00014706066260004817,182276839.39794782,201046677.8316049,14516211.095896445,0.002976276248181385,0.001034740282299282,14516211.099907462,13998785.256339949,1.9184983119258902e-07,0.0001470606626000482,1214.7435127988633,0.00010219801356588874
61,17.451800224493596,3.3666666692016545,0.9946975471616575,2.037986228525407,5.424095656901813e-05,224869042.09323862,136720600.45304376,14350926.796438368,0.005613167772095062,0.0019739751114342388,14350926.804025512,13998785.256339755,1.582770107610214e-07,5.424095656901813e-05,1214.743605845857,0.0002330504999227771
62,18.99112066225382,3.3666666770411515,0.9946975494778739,1.9313133037138184,2.029198977080439e-05,375529904.25058115,120374315.72569343,17979843.38925793,0.014761184259880015,0.005266058639445408,17979843.409285173,13998785.256338844,5.859448621299485e-07,2.029198977080439e-05,1214.7436402779895,0.0006412544558484298
63,20.636090643756855,3.3666666824827733,0.9946975510856267,1.8246403789022294,9.509485477396787e-06,917134041.2964766,199166629.3768216,35621925.92554429,0.05812741239086889,0.019978733439210593,35621926.003650434,13998785.25633253,4.058167564507881e-06,9.509485477396787e-06,1214.7436539026382,0.002072283624550408
64,22.21433458134946,3.366666680369388,0.994697550461217,1.7179674540906404,2.112958855127328e-05,3426533126.6001487,681799633.9228618,134170303.63833869,0.3722593988512868,0.11482548715830525,134170304.12542357,13998785.256273674,3.8965083150238983e-05,2.1129588551273283e-05,1214.743666231481,0.007815189207330708
65,23.553482882676043,3.366666665544373,0.9946975460810964,1.6299622911210785,0.00020602794184852307,13337736947.459955,3064608105.4184213,749590858.5014491,3.275447224381057,0.9517917549929666,749590862.7286881,13998785.255570946,0.0004768449418443005,0.0002060279418485231,1214.743746180855,0.028839997940777136
66,24.53666442548676,3.3666666375574827,0.9946975378122377,1.896644603150051,0.002334095308110969,36686780631.40104,10348543828.610537,3522569514.354127,23.408034732392682,7.582397892151089,3522569545.3445597,13998785.247703874,0.005314701635004316,0.002334095308110969,1214.7446473285734,0.07959242382351922
67,25.23815616167905,3.3666666121681876,0.9946975303108507,2.1633269151790233,0.018944876571051796,73333344290.10893,24225656173.320847,11295492432.505901,103.7854621034347,41.34437119190863,11295492577.635735,13998785.189968092,0.038187886628285116,0.0189448765710518,1214.7528991444335,0.16051871254758993
68,25.77335678955366,3.36666660862316,0.9946975292634556,2.4300092272079956,0.09951680593330271,118955054228.81459,43846932108.339905,26558730009.645374,307.926597295512,152.55650623243335,26558730470.12848,13998784.923895163,0.17340868435437262,0.09951680593330273,1214.8031793462508,0.2606915379333423
69,26.25766500741133,3.3666666461690733,0.9946975403565728,2.6966915392369684,0.3628009184591913,169134575357.18997,67232955243.99516,50295908834.643,690.0276858367396,416.69143011322734,50295909941.362114,13998784.072482409,0.552546093269669,0.3628009184591913,1215.0121705793154,0.36823990981171617
70,26.795981111363105,3.3666667383869275,0.9946975676027728,2.694558080740737,1.0036955396932477,220818778274.91232,92554523857.62286,81953621898.54222,1275.552607101754,913.7213959424777,81953624087.81622,13998781.97991062,1.3618678712994832,1.0036955396932479,1215.6545259694503,0.4701555904730034
71,27.39207547011716,3.3666668442809624,0.9946975988896649,2.587885155929148,2.2537649141874687,271490205192.23843,118284813308.88457,119516720233.36667,2049.585668746135,1698.1810890705328,119516723981.13342,13998777.753845617,2.7690089849362063,2.2537649141874687,1217.2233804837012,0.5489207021177352
72,27.993201333872204,3.366666892354836,0.9946976130933176,2.481212231117559,4.2783642360318215,316948520384.3519,142393576928.0585,158987864278.7482,2929.6166132492235,2756.182076628972,158987869964.54688,13998770.501417713,4.79883638367852,4.2783642360318215,1220.42138166705,0.5917917473004956
73,28.5459945056474,3.366666810778988,0.9946975889913485,2.37453930630597,7.02924333538404,352338758862.6347,162466228920.84607,194725326254.90665,3765.850806340492,3969.350756253564,194725333990.10822,13998759.731631147,7.217178450123192,7.029243335384041,1226.021947067749,0.599305977661729
74,28.997626757486934,3.3666665310842916,0.9946975063542312,2.8919029916421772,10.166876370226532,374760124953.0931,176706542604.52432,221449637795.89395,4401.210455783561,5134.549702942234,221449647331.6541,13998745.652053647,9.575664510647574,10.166876370226534,1234.6054054723825,0.5843211823207642
75,29.3173915426931,3.366666123500709,0.9946973859317393,4.385323939004422,13.177389823682455,384979378069.5339,184832582528.80832,236925654898.37274,4761.651437148863,6059.739103770169,236925665719.76328,13998729.058464028,11.456750675924056,13.177389823682455,1246.3073954724523,0.5624069430721418
76,29.504086018398983,3.3666658432412913,0.9946973031277724,5.878744886366668,15.630471391566788,386823343036.62085,188098425124.48877,242786957172.71753,4888.130497062714,6663.273773224907,242786968724.1218,13998710.900042111,12.70050699216781,15.630471391566788,1260.7689795052113,0.5441983470148023
77,29.558558198718732,3.3666659583776055,0.9946973371453395,7.372165833728914,17.36138568218151,384823911764.5184,188467172950.47437,242864157765.735,4884.459695343319,6988.474625169961,242864169638.6693,13998691.905579003,13.407705821704072,17.36138568218151,1277.3253294935405,0.5369410392100695
78,29.481657817988133,3.366666736935548,0.9946975671739559,8.833584903647683,18.485131413597433,383092065763.1528,187976047369.39813,241504845444.63623,4869.737534387487,7161.564265882479,241504857475.93805,13998672.38280417,13.840875143420305,18.485131413597436,1295.2911892727313,0.545774235166536
79,29.283712968086622,3.366668195317443,0.9946979980597656,9.793641226951983,19.306614659589197,384821581224.95953,188384481200.38617,242532852467.5126,4950.924801866576,7339.08812554941,242532864757.52554,13998652.17529441,14.317664496765994,19.306614659589197,1314.2004264332074,0.5735376295739779
80,29.006740835754844,3.3666695086698004,0.9946983860959143,10.753697550256284,20.2067420953978,391860799050.20575,190914637820.83966,248681402018.35315,5209.047886240215,7668.165736005987,248681414895.56677,13998630.721213702,15.13367203713991,20.2067420953978,1333.9383721653498,0.6179963896953798
81,28.699373369647912,3.366669676535914,0.9946984356927493,11.713753873560586,21.536180150277698,404061872750.07495,195932528815.82825,260973054093.6717,5679.8841193942735,8253.463703621906,260973068027.01953,13998607.208404949,16.49116832837888,21.536180150277698,1354.7642465724084,0.6741111626796679
82,28.410242518420922,3.3666676984590795,0.9946978512606185,12.673810196864887,23.560714267016422,420113082902.2973,203109398358.11603,279059148092.2874,6366.557786842566,9156.56133259122,279059163615.40656,13998580.680147812,18.511339803061464,23.560714267016426,1377.2477981181516,0.7348778270742985
83,28.18343124418534,3.3666628809307473,0.9946964278991497,19.474209153603717,26.449339941662064,438233643900.02045,211718302658.15466,301593008145.5369,7247.00599207455,10399.81249887373,301593025792.3554,13998550.1318795,21.241964844893047,26.449339941662064,1402.1768157142626,0.7927245770195588
84,28.02067260514915,3.3666573880513693,0.9946948050020289,28.434734837777192,30.270278944071244,456710761474.229,220929585057.1174,326573320605.1058,8278.061496726958,11965.611168653113,326573340848.77844,13998514.617048696,24.654274203514497,30.270278944071247,1430.458398156731,0.8449156543920434
85,27.900667463254656,3.366654938045616,0.9946940811362729,37.39526052195067,35.01832094916703,474607700675.8422,230143364423.7914,352338543056.0829,9428.747349706211,13822.761048093014,352338566307.5913,13998473.249621501,28.70504665290994,35.01832094916703,1463.0270108967306,0.8920098666773028
86,27.80188651646128,3.3666592646687437,0.9946953594574837,46.355786206124144,40.66072534556079,491536489826.6838,239021654976.62,377903576891.125,10689.055412281212,15948.56539646626,377903603528.7458,13998425.179097353,33.366213780426726,40.6607253455608,1500.793963521463,0.9354029646446175
87,27.702150563251706,3.366673913213928,0.994699687439252,49.34262810084856,47.17167293497271,507389263872.90704,247411861280.68246,402825500987.6173,12063.941286403839,18337.13659543973,402825531388.6952,13998369.554816047,38.634592325297085,47.17167293497272,1544.6389186930005,0.977159837157377
88,27.554015559951477,3.366695102511169,0.9947059479170666,43.368944311399595,54.56165008923187,522265065486.16534,255293953082.43326,427138170717.0299,13575.002750043277,21008.213213864765,427138205300.24585,13998305.451981058,44.55410803011043,54.56165008923187,1595.4322608223135,1.0222554561202652
89,27.277217539312225,3.366709534055661,0.9947102117849569,37.39526052195063,62.93600408667848,536537899573.8517,262769237170.2927,451738178902.76105,15289.179000278873,24045.647981702416,451738218237.5881,13998231.67380776,51.29693744513584,62.93600408667849,1654.0932507074851,1.077016071790439
90,26.789299123351675,3.3667032732830946,0.9947083620101715,31.421576732501666,72.56406658877509,550359142849.2379,269870485438.5516,478386017777.01917,17330.186700620037,27640.97306837974,478386062748.17896,13998146.507964894,59.20439924717657,72.56406658877509,1721.7235692698728,1.136121710077503
91,26.0078164600277,3.3666623893986753,0.9946962826736806,25.630837009104557,83.72206232035573,561488986457.8112,275733213314.90436,507552621720.88434,19739.262842278513,32006.62879708352,507552673466.77594,13998048.146062823,68.41139855460607,83.72206232035575,1799.7204763020259,1.1576999996289286
92,24.89858021833726,3.3665863995614758,0.9946738311178543,22.270639877539505,95.80112842583799,561018151800.6227,276799007298.02545,533244085890.3544,22020.166904016383,36954.584357421285,533244144865.10565,13997937.283418473,77.49877725513666,95.80112842583799,1889.416675846169,1.0474533668363575
93,23.584019190236727,3.366518468515224,0.9946537605698251,18.91044274597445,105.2882806601472,530620760477.22687,265554378090.33636,535410111200.259,22391.713834087288,40877.08800105657,535410174469.0608,13997823.262486637,81.16257855915279,105.2882806601472,1990.2866541440615,0.7774970806372825
94,22.21828136490088,3.366510600761908,0.9946514360049977,15.550245614409398,105.33931012026031,457157835866.79865,236083228950.46518,486450523354.9845,18736.494634020837,40384.332293685264,486450582475.8114,13997725.659915023,72.45390892642915,105.33931012026031,2096.5468659307585,0.4712758459568065
95,20.95551473150448,3.3666148008035135,0.9946822223987762,12.190048482844345,91.15420569912474,350405668848.9141,191399548851.42908,380104526178.27924,11881.498888946311,33133.632577171935,380104571193.4107,13997661.08843622,51.83365120438235,91.15420569912474,2195.9237068766515,0.24756457441182114
96,19.936077533299237,3.3668664530184174,0.9947565742326517,9.579762012704757,66.66250715686462,240400970345.7473,142600997148.79102,249414719933.0225,5600.606724680164,21655.10115041615,249414747188.73035,13997628.562732805,29.45172418557667,66.66250715686462,2275.3230358529922,0.12378723486055315
97,19.17621648887662,3.3671513560788315,0.9948407501856693,7.232957666849799,41.64382591960835,153765689114.36874,100123359876.42877,140123921728.39664,2075.6391947278044,11370.90765962454,140123935174.94348,13997615.30708036,13.887266697561374,41.64382591960835,2329.161827022701,0.06258106989431786
98,18.626498094301244,3.3672761474147417,0.9948776203744744,4.886153320994842,22.8722507605905,95552075265.89389,67782627667.289406,70643833306.8226,660.7880541346485,4986.801833984285,70643838954.41249,13997610.617333502,5.7200788280805375,22.872250760590504,2360.7903369097517,0.03282723437189348
99,18.236890735519978,3.36704674358251,0.9948098419301995,2.539348975139884,11.38280652199446,59418893818.02782,44968635161.05537,33773181473.8126,198.23803667626194,1908.821739578452,33773183580.872375,13997609.103701688,2.139908892770207,11.382806521994462,2377.373582896886,0.018149646542930505
100,17.95742469956772,3.3662796107923008,0.9945831889289538,1.2422062094309525,5.2619638590151085,37841857445.48623,29600882030.14716,16157514635.823385,61.333089036140954,663.6169598475475,16157515360.773436,13997608.64179917,0.7478113126797782,5.2619638590151085,2385.3484256577813,0.010644042046858888
101,17.740400369535504,3.3651781022745233,0.9942577430418292,1.4555520590541304,2.3023667820945963,25012552191.239204,19528838514.997707,8060329779.37212,21.0428385257654,216.37259304309498,8060330016.787551,13997608.505711535,0.24878212404428088,2.3023667820945963,2388.9431395588695,0.006596150362820033
102,17.5409905443141,3.364435110187536,0.9940382225252162,1.6688979086773084,0.9667468917352975,17176845802.235275,13013826221.47988,4274286146.6560006,8.273523665669813,67.8058427577798,4274286222.7353673,13997608.466655063,0.07973951328578797,0.9667468917352976,2390.486858532467,0.004250707625323929
103,17.31455248302488,3.3647749638039035,0.9941386338791788,1.8822437583004865,0.39345848924676563,12123992781.90799,8797828678.94665,2400056914.936265,3.66550339822736,20.8238336070066,2400056939.425602,13997608.455728834,0.024796187880929663,0.39345848924676563,2391.1260164883774,0.0027658318635300516
104,17.016455798816512,3.3669216999108227,0.994772897187599,2.06572118897642,0.15634632368368306,8616450899.234081,6029115021.901306,1397091917.2528398,1.7331975811193747,6.371901857819649,1397091925.3579392,13997608.452765323,0.007506084995019044,0.1563463236836831,2391.3833822681,0.001745538948387604
105,16.632416228548916,3.370880901546955,0.9959426619855832,1.9057118017590366,0.06098239140406988,5997984926.121166,4161023728.326042,817010664.0507567,0.8140290562434027,1.964175861414107,817010666.8289616,13997608.451994522,0.002213149696687145,0.060982391404069886,2391.4848099373557,0.0010386200642993346
106,16.2437758570897,3.3743941687514165,0.9969806733523665,1.7457024145416533,0.02344306417211033,4004800862.058979,2866439312.673779,467081545.54883033,0.3587830796749637,0.6107848528582297,467081546.5183982,13997608.451802932,0.0006358549836685423,0.02344306417211033,2391.5241181491183,0.0006046682865001377
107,15.950665700515815,3.3747582678775845,0.9970882481565596,1.5856930273242698,0.008911428997557818,2613382632.2024155,1963293873.4203653,263524725.67739305,0.15233074545092193,0.19413291305125507,263524726.02385673,13997608.451755146,0.00017932594017308723,0.008911428997557818,2391.5391540994974,0.0003710647855005252
108,15.853216774904224,3.3692699652788356,0.9954667032667737,1.4256836401068864,0.0033591552925919675,1732753951.9416447,1339580937.133294,152608616.3095997,0.06847022480811367,0.06635535793703169,152608616.44442528,13997608.451742083,5.043008066158101e-05,0.0033591552925919675,2391.5448483317928,0.0002637734195128286
109,16.04011021878351,3.3561254534854634,0.9915830952579638,1.3856812933025404,0.001258776506948327,1224109074.3904746,916736358.1852868,95811514.04391329,0.03732493020197812,0.027302239254446886,95811514.10854046,13997608.451737566,1.4631458031794104e-05,0.0012587765069483271,2391.5469890261156,0.00023808539066618608
110,16.5003708290575,3.341349263974968,0.9872174003714038,1.3856812933025404,0.0004701246308583741,976789037.1338158,639316283.7135396,68918149.36718796,0.028254772905180164,0.015917556816056944,68918149.4113603,13997608.451735144,4.83468660008673e-06,0.0004701246308583741,2391.5477898962017,0.0002762520379018664
111,17.171710988431716,3.3349966899806427,0.9853405024212374,1.3856812933025404,0.0001757649144536691,920797247.7696888,471977474.7446077,58150034.416422725,0.030439978360792607,0.014412816737563094,58150034.461275525,13997608.451732844,2.4214751388934608e-06,0.00017576491445366914,2391.5480889694963,0.00039331918339337296
112,17.99141901007286,3.347156336816411,0.9889331274329553,1.3856812933025404,6.689029820322223e-05,1049983499.0368425,398521264.3421746,58581473.265103474,0.04431039933401334,0.019308930481945246,58581473.328722805,13997608.451729076,2.6988173836795597e-06,6.689029820322223e-05,2391.5482013349015,0.0006540423720929065
113,18.897147436798285,3.387327318833182,1.0008018335465405,1.4752865501442756,2.8599121292437237e-05,1471092191.361642,429995236.8403673,73871422.29206386,0.08413275524826057,0.03512857103884166,73871422.41132519,13997608.451719856,5.972125876340147e-06,2.8599121292437237e-05,2391.548245572863,0.0012344795126633108
114,19.83916832069129,3.4445845848674375,1.0177187628649282,1.6886323997674535,2.203345673305772e-05,2560255143.192799,641577020.5537292,123757689.50305344,0.20812493056955778,0.08322917676110123,123757689.79440756,13997608.451689946,1.9181943289816298e-05,2.203345673305772e-05,2391.548268839066,0.00262655292741563
115,20.78330782623384,3.482829381722908,1.0290183684872614,1.9019782493906314,5.1914185884036426e-05,5310611362.370563,1283965750.3329706,277872408.2600918,0.6670452139898435,0.25408319758774495,277872409.18122023,13997608.451567654,7.902097406611657e-05,5.1914185884036426e-05,2391.5483014112733,0.006193049482062477
116,21.696351322847946,3.4644105217905263,1.0235764294429666,2.1153240990138094,0.00022433009119121613,11581508328.156574,2973473028.263719,758260788.0413216,2.562777159499974,0.9553683909233128,758260791.5594672,13997608.450964803,0.0003930444108320388,0.00022433009119121616,2391.548417822622,0.015169394968119958
117,22.545092776831872,3.351688676873817,0.9902722286808592,2.314269103787422,0.0011581173349579324,23448898664.7376,6700730348.3839445,2125920730.7695413,10.061445081415489,3.9030098199063836,2125920744.7339962,13997608.44774726,0.0021045035019413836,0.0011581173349579324,2391.548990118831,0.0351122282055857
118,23.311563651881183,3.1280446850064867,0.9241955564094616,2.3676055661932165,0.00587370061684367,41348779241.017944,13248408993.572338,5375834429.561695,34.84894371301358,14.939717744790949,5375834479.350356,13997608.431766579,0.010419848468400703,0.005873700616843671,2391.551939871987,0.07191884662067922
119,24.024418866158975,2.841176557678031,0.8394390151032389,2.420942028599011,0.025828198029863098,62462380330.13859,22238695256.265434,11614668217.461473,99.38878981098074,48.937506231044175,11614668365.78777,13997608.365489984,0.04300084623600898,0.025828198029863098,2391.565680971803,0.12873944095727147
120,24.721199972473432,2.5510414413655536,0.7537172264920965,2.4742784910048052,0.0936673278087112,82906756136.48476,32247388656.214226,21480877118.45901,233.28742013252094,134.0148463989364,21480877485.761276,13997608.143082159,0.143882350031548,0.09366732780871122,2391.6193681635195,0.2037253809225268
121,25.439448523632745,2.31759648254616,0.6847448123059399,2.5276149534105996,0.2797613847628981,100270962692.02951,41803380779.55294,34808369336.11583,462.08679107982465,310.2274456163706,34808370108.43007,13997607.532882161,0.3949627293837893,0.2797613847628981,2391.792393724415,0.2889413770682363
122,26.208069867514023,2.193588429637068,0.6481060481581908,3.026844241528831,0.6997026957946314,115173624366.96922,50445520495.469574,50775517197.5061,794.1212101666532,619.3399768257965,50775518610.967285,13997606.134018615,0.9089606858061393,0.6997026957946314,2392.257318003511,0.36942293069052895
123,26.98325852499926,2.171057504278665,0.6414491799881679,3.6668817903983646,1.4906370829130267,131063487244.786,59102125762.41971,68296289744.618126,1209.1364152278077,1084.306120620518,68296292038.06066,13997603.409789303,1.7828946124386769,1.4906370829130269,2393.3166790013306,0.42626153909365877
124,27.684786870879005,2.211634949444135,0.6534379775562238,4.306919339267899,2.733730996772628,148931805766.80136,68342200061.75137,85902932686.6883,1648.605895740903,1681.1922365182947,85902936016.48642,13997598.874845842,3.0008466368754334,2.7337309967726284,2395.3905765244526,0.45212662436708295
125,28.232155313146162,2.2767249420648317,0.6726691228896376,4.946956888137432,4.359261475024416,166873946470.4918,77625871117.96451,101797057566.00146,2036.30445401686,2329.904030501618,101797061932.20996,13997592.34770597,4.381601952594754,4.359261475024416,2398.9114306027936,0.45706850260702575
126,28.54726902591919,2.3284333836907085,0.6879466258641178,5.678733152344932,6.147783072033141,182554395429.51645,85981104624.37633,114732272751.90562,2328.907449233668,2934.298492821693,114732278015.11157,13997584.003757764,5.6871210124819385,6.147783072033141,2404.161338151831,0.4599169405439835
127,28.63085958824092,2.3518681752526955,0.6948705455673063,6.532116550837643,7.878464137337854,194515599063.55878,92663272248.04146,125078085114.13353,2554.72077087668,3454.967279721121,125078091123.82158,13997574.112946307,6.822729884486376,7.878464137337855,2411.1858596708894,0.4728274537684688
128,28.578301870732894,2.3597546757707444,0.6972006493440643,7.385499949330355,9.478937018906134,203455826424.78357,97771741336.02158,134332078094.2427,2778.9896067438244,3928.3036649421947,134332084801.53598,13997562.772188962,7.87360023848347,9.478937018906134,2419.8752737811046,0.4948303208431432
129,28.490572085446868,2.3664527479851443,0.6991796263729827,8.238883347823066,11.012360053114135,211207634689.70465,102026284440.27591,143555356895.3328,3036.6973126993166,4408.9678833448,143555364340.99802,13997549.912226839,8.952214220347951,11.012360053114136,2430.123198887547,0.5197306993824047
130,28.468620416898478,2.386318239927476,0.7050489796680277,9.844310866237441,12.570717904326646,218871620062.7547,106029700582.27373,152945396219.1948,3324.3337685679344,4924.953858711258,152945404468.48242,13997535.409614973,10.10960303494941,12.570717904326646,2441.9100640879537,0.5385481790992477
131,28.578858509216985,2.42837948117248,0.7174761717864865,18.218135463947206,14.178963689953209,227102008570.72208,110180294001.00108,161813997326.93533,3603.7895769048023,5454.89352606299,161814006385.61844,13997519.250092348,11.289539311316645,14.178963689953209,2455.281404650646,0.5430375847358438
132,28.78507143174372,2.4858348048553274,0.7344516181713403,26.59196006165697,15.739159061461038,235857150392.85812,114553182598.83891,168889941557.5503,3814.6380520895136,5926.608529510944,168889951298.79688,13997501.688087847,12.323201536265607,15.739159061461038,2470.2495515551896,0.5332425003126415
133,29.03207018001318,2.548955821462329,0.7531010202543281,34.96578465936673,17.058965517888332,243848893378.5585,118670774215.31668,173239394147.5185,3915.8799416810684,6259.832764541345,173239404323.2312,13997483.235904202,13.029692476751201,17.058965517888332,2486.6754378034952,0.5129945535794385
134,29.264665749559825,2.608014141479794,0.7705500794671878,43.339609257076496,17.936578443704377,249770799858.10535,121923229174.32394,174437887455.47516,3894.6050203364543,6399.231729350966,174437897749.3119,13997464.561122088,13.287264905091515,17.936578443704377,2504.2150345634423,0.488566645292288
135,29.42921956191044,2.6532842935118146,0.7839253594133204,53.027644288465005,18.255898887082488,252994603987.6889,123923383508.9962,172828216767.70947,3773.714376031844,6340.721657060888,172828226882.1455,13997446.284753164,13.101215283890486,18.255898887082488,2522.358132664751,0.46765739026146924
136,29.484723430826737,2.6750645783207774,0.7903604472924228,63.10823568316013,18.058043918054636,253874509570.97046,124702126847.67319,169681901085.96924,3611.660564607183,6143.299478255978,169681910840.92926,13997428.763312893,12.62577497407191,18.058043918054636,2540.552868214885,0.4571301595864985
137,29.39632355635308,2.6636648800817064,0.7869923526780915,73.18882707785525,17.54267312163678,253380378817.84015,124634368958.92397,166844731862.88873,3481.6874884744407,5910.569921816782,166844741255.14615,13997411.98207745,12.104742213032168,17.542673121636785,2558.370507215771,0.4631614158351929
138,29.129207458729795,2.6093951607399886,0.7709581081215434,83.26941847255037,17.01232085690766,252546887860.29932,124222944021.9502,166313573994.99863,3455.981897977153,5763.52581388924,166313583214.50635,13997395.541246658,11.80757760964664,17.01232085690766,2575.6388548752548,0.4920058298943007
139,28.649837663630986,2.503436832039478,0.7396522201273692,97.66812986361859,16.813265616663433,251787117703.32446,123793911305.93736,169901614908.87238,3601.708664070584,5824.490068840391,169901624335.07114,13997378.671372134,12.001520549397307,16.813265616663433,2592.5138416997006,0.5491018088398353
140,27.964269878239534,2.3640327355288138,0.6984646222781511,117.56263034097987,17.299728105111875,249973631435.49503,123070557208.16306,178774286782.07336,3976.5934395794843,6212.789776402383,178774296971.45657,13997360.252077388,12.94513586157256,17.299728105111875,2609.5030586456696,0.630031461763816
141,27.12486904165738,2.241077476548677,0.6621369110624843,137.45713081834114,18.771537256764,245974595043.45868,121566170449.07321,192412538925.86972,4584.751244773025,7015.72267942345,192412550526.34366,13997338.98502931,14.795627555956795,18.771537256764,2627.447805877291,0.7101327563716033
142,26.186628654151182,2.186262248153492,0.6459414932830562,157.35163129570242,21.328435277491195,240624160640.3956,119385579066.7642,208066673985.3684,5317.209532800847,8226.088703550313,208066687528.66666,13997313.84334028,17.42293444505462,21.328435277491195,2647.4052899979197,0.7472646147760209
143,25.204526555173228,2.2512510398125958,0.6651427383150271,171.83088074500412,24.639534698703464,235929919874.38333,117185343717.09781,221259442157.41785,5930.478618376026,9658.884219170599,221259457746.78067,13997284.826009847,20.19512111986994,24.639534698703468,2670.339334334203,0.7071782908565417
144,24.217511405307917,2.459864389163355,0.7267785363590268,142.49582642181704,27.75564997840348,234925546442.1541,116124934056.78835,226934056668.46817,6105.5744965720605,10890.63829564835,226934073664.68097,13997253.710018938,21.949940744392418,27.755649978403483,2696.5843903387968,0.59602626987447
145,23.21827430234595,2.755571230549571,0.8141465174236744,113.16077209862999,29.27957353255992,236995123504.18774,116161760850.4235,220920151944.91653,5619.54007660176,11349.49354719698,220920168913.95016,13997223.954965748,21.49676278651356,29.279573532559922,2725.2686979330338,0.4480208661327031
146,22.19121153666877,3.067432020347504,0.9062872587408007,83.82571777544293,27.993457583676015,231504284229.14734,113597187778.34488,200185517858.62003,4486.036282294933,10570.9750534688,200185532915.63138,13997199.512001868,18.346618918141882,27.993457583676015,2754.147921629845,0.2992563471359403
147,21.120719398657805,3.3245072149334085,0.9822413375422352,54.49066345225586,23.660126538798515,208839377317.19974,104579700194.33235,164353998995.5408,3001.9783864353653,8517.22779758323,164354010514.74698,13997182.909941502,13.23991341628804,23.66012653879852,2780.190018542998,0.17513347574947616
148,19.998090277310897,3.4647413264448534,1.0236741672384124,39.84127068788037,17.37350739421024,166959858417.90463,88010341726.46696,118259811476.10469,1621.5457629752252,5733.949313789155,118259818831.59976,13997173.971967041,7.861493983381591,17.373507394210243,2800.793031580916,0.08790976565180698
149,18.86898796118084,3.4961240581246895,1.0329463433379156,29.333987593938883,10.994659842671503,114224217853.67062,66680267848.3786,71947569970.03955,680.2192897468573,3106.0625739988777,71947573756.32141,13997170.328190636,3.7661541363761666,10.994659842671503,2814.9109953850625,0.0379321119931112
150,17.80484485479532,3.4598421183555135,1.0222266731000467,18.8267044999974,6.033458339736855,66907435882.194,46050833454.505455,36230098574.127426,217.39775760568676,1312.9828805311756,36230100104.508064,13997169.227610515,1.4651358036953628,6.033458339736855,2823.273795341137,0.014541938975879062
151,16.877248097375123,3.3972815560047342,1.003742859870586,8.319421406055923,2.931764702319715,34646711579.36236,29858632293.581425,15281819616.155384,53.73844394996776,427.80770316711136,15281820097.70153,13997168.977825446,0.47944740771294775,2.931764702319715,2827.6109624439127,0.005275585676440779
152,16.155697062470658,3.349031449672558,0.9894871383707542,2.324403031644528,1.2985143151162155,16825061680.736513,18747241557.675697,5729776956.356146,10.929382975861413,108.86205742293481,5729777076.147587,13997168.933033928,0.13882813862733367,1.2985143151162157,2829.629623617981,0.0019939183867088714
153,15.648195112329574,3.3322057853013853,0.9845159164697338,1.844374869992376,0.5392040452725826,8346117058.230785,11656853870.556921,2133198172.4466228,2.0919735147025067,22.60867654827835,2133198197.1472728,13997168.926112114,0.037345692015705596,0.5392040452725826,2830.4973381491914,0.0008531250794757666
154,15.292675152880237,3.337170302568147,0.9859827065126163,1.3643467083402239,0.21458907000208183,4509311683.470577,7258663482.668836,880022570.0446149,0.45769144546966023,4.080084167076843,880022574.5823905,13997168.925115377,0.009650371061514928,0.21458907000208183,2830.8506451822254,0.00042405553784652313
155,15.023258270973837,3.352835641800464,0.990611104878391,0.8843185466880719,0.08309179830827462,2665403850.335939,4546830564.315808,415618654.0792114,0.13212851900658723,0.6841191310222899,415618654.89545906,13997168.924976332,0.0024407666013873627,0.08309179830827464,2830.989491102977,0.0002389588365163883
156,14.77412062849826,3.3681164928218235,0.9951259043887011,0.46829413992287566,0.03161118828514256,1670526473.7658525,2869790985.950849,217093277.0425612,0.049457264425548535,0.11677637637099418,217093277.20879483,13997168.924956843,0.0006104532461253481,0.03161118828514256,2831.0428215152115,0.00014327528152983002
157,14.52399613183795,3.3752037375832415,0.997219864282268,0.52163060232867,0.011889335495561487,1064248482.9381571,1826030070.362841,119019150.95965512,0.02112375728332713,0.02343848943642416,119019151.00421736,13997168.9249539,0.00015185261679284386,0.011889335495561487,2831.06300491161,8.766697073082055e-05
158,14.37651867150435,3.375471764726896,0.9972990541660794,0.5749670647344644,0.004438504614232406,678250453.6601762,1170733979.1268067,66531050.706952736,0.009434538421513532,0.006345677775489461,66531050.72273295,13997168.924953347,3.770277628043834e-05,0.004438504614232406,2831.070570445537,5.848736794051933e-05
159,14.457042100625607,3.3718919640748775,0.9962413851783934,0.6283035271402586,0.0016488952705595316,452164605.3709394,754571143.8898004,39166664.22629239,0.004760528268778886,0.002413558337990537,39166664.23346647,13997168.92495319,9.372612903686089e-06,0.0016488952705595316,2831.0733885415066,4.77620150605294e-05
160,14.890920272329875,3.367435725449274,0.9949247684574676,0.681639989546053,0.0006105990533654699,310680684.31029826,486653264.8120542,25658367.837340478,0.0031660655507289295,0.0013366116640249317,25658367.841843154,13997168.924953122,2.3487573777169208e-06,0.0006105990533654699,2831.0744339304974,5.378560112823347e-05
161,15.775559031606768,3.36476484391735,0.9941356439109634,0.6507048413506928,0.0002256473925784588,244112633.93945062,313177851.49314386,19726231.424881607,0.003237316601625294,0.0012045862561776645,19726231.429323513,13997168.924953056,6.168657529281457e-07,0.00022564739257845883,2831.0748206792423,8.979025949232229e-05
162,16.995047489656532,3.364178093125643,0.9939622856219932,0.5973683789448981,8.332169590892292e-05,260705269.6048724,205704633.0170562,18529982.45200293,0.005530865390010956,0.001932088299256111,18529982.459465884,13997168.9249529,2.407749874944305e-07,8.332169590892292e-05,2831.074963537492,0.00019827293382039814
163,18.335153336387357,3.364885088732468,0.9941711708087556,0.5440319165391034,3.0954290154370625e-05,393838086.0760815,158088544.1507135,21335611.72372038,0.013604966521703676,0.004789135388258443,21335611.74211448,13997168.924952231,4.570036270868722e-07,3.0954290154370625e-05,2831.0750163573584,0.00048298603782527256
164,19.581119300186366,3.3660896311218362,0.9945270585392273,0.49069545413330884,1.2686997930612555e-05,780100127.4425843,193592433.5160344,33175773.422522895,0.04189489762363113,0.015005187192419379,33175773.47942298,13997168.924948446,2.422366601253367e-06,1.2686997930612557e-05,2831.0750364441833,0.0011920353863914723
165,20.52487008158166,3.3670118992159943,0.9947995469977601,0.609102400674175,1.2188922582910574e-05,1979034395.4759228,419953047.5295131,79400753.08603232,0.16268291830433204,0.05656284997057155,79400753.3052781,13997168.924925653,1.4729843166925776e-05,1.2188922582910576e-05,2831.0750474279703,0.002937474307548607
166,21.145246016525185,3.36733023081845,0.9948935995711982,0.9291211751089409,4.839016577579209e-05,5397021018.433771,1193827872.997987,254823945.2284789,0.7260985765609898,0.2470642140829266,254823946.20164168,13997168.924791101,8.818249823781574e-05,4.839016577579209e-05,2831.07507232597,0.006970399698959627
167,21.62857127073995,3.3672315384119376,0.9948644404341861,1.2491399495437068,0.0002605263195936524,12204491921.538849,3100553410.449764,804634568.1995664,2.993634127065871,1.079119112925144,804634572.2723196,13997168.92405893,0.00048122397993795204,0.0002605263195936524,2831.075199320615,0.015199873346561674
168,22.17197968017587,3.3669292306383087,0.9947751221765553,1.5691587239784726,0.0012809277026725931,22672301608.249626,6597772498.761894,2136647376.8273344,10.177205591698092,4.116145606479292,2136647391.1206856,13997168.92062072,0.0022471713518064248,0.0012809277026725934,2831.075851180112,0.030692719120073403
169,22.972448852862012,3.3666366169655224,0.9946886680867433,1.9585148995407695,0.005472457141045122,37865564496.76814,12212922393.85638,4891827231.294011,29.708177546086414,13.521491718954197,4891827274.523681,13997168.906674365,0.0090652889867741,0.005472457141045122,2831.0787878892907,0.061639025093486254
170,24.124977394864718,3.366502270322416,0.9946489747373571,2.8118982980334843,0.02135362355956237,61562129277.55452,21360897621.89723,10462787276.479614,82.43772667774188,41.0082355717663,10462787399.925577,13997168.853737526,0.034304606860292366,0.021353623559562374,2831.0906042439383,0.12522060209260982
171,25.44686711189984,3.3664984809773486,0.9946478551574836,3.665281696526199,0.07988435050084322,99663112201.6092,36650881592.44712,21776007496.18321,224.97452020807376,120.18316520657226,21776007841.340897,13997168.658062814,0.12662485901048193,0.07988435050084323,2831.135427976685,0.228730469753578
172,26.708593885900964,3.366567813978893,0.9946683399198166,4.518665095018914,0.27388781841311804,152374731290.44766,59324129186.1005,42255854834.86196,549.0019624177139,323.92658389149653,42255855707.790504,13997168.014992205,0.4161817627634113,0.27388781841311804,2831.2949382133975,0.33827259402809634
173,27.680633598801656,3.366652834375624,0.9946934595970512,5.372048493511629,0.7866468139972829,209819207860.8193,86368347984.1479,72042408909.38205,1091.3430243469406,740.9759288963868,72042410741.70099,13997166.33031047,1.0939200102214195,0.7866468139972829,2831.789122706288,0.4142395372044075
174,28.169523158262287,3.36670240192462,0.9947081045632002,5.841409362682614,1.8075344288733395,259233092351.10016,112116380816.73366,106080742635.39296,1749.6039147094705,1392.1725392498665,106080745777.16942,13997162.918205483,2.2362888890045305,1.8075344288733395,2833.037971199237,0.47114673770541277
175,28.248312990205026,3.3667118982129933,0.9947109102863918,6.214764599523174,3.408115426488119,298304358066.91125,133861765635.76659,139936086871.75677,2436.9929182688934,2229.8407051605905,139936091538.5904,13997157.205330057,3.7887701637247733,3.408115426488119,2835.5977843527176,0.5345233833560911
176,28.109505668271957,3.366697556049772,0.9947066728266195,6.5881198363637345,5.593375181006288,332367868114.29626,152627152750.00174,173591147313.26492,3192.288960013461,3241.0594477728023,173591153746.61334,13997148.591319578,5.765378166497019,5.593375181006289,2840.049927074728,0.6081640723665401
177,27.946167219632144,3.3666757065988056,0.994700217303273,6.961475073204294,8.413228747469546,364455857727.43915,169785892600.40683,208311904686.27014,4075.364051080464,4468.029524505862,208311913229.6637,13997136.329750486,8.259625514958893,8.413228747469548,2846.9973952518535,0.6817563812609122
178,27.945996901543076,3.366662261910084,0.9946962450065749,8.237283253950892,11.952779674579299,394471218510.4742,185743273350.6547,243810015940.9007,5088.050001517171,5945.021671194206,243810026973.97235,13997119.59859184,11.331381260816507,11.9527796745793,2857.1172472247094,0.7375778708252316
179,28.153961711072473,3.366661987465083,0.994696163920505,10.530751137400049,16.21364023579277,420800132008.62036,200093510939.09882,277275120654.33655,6143.607960936151,7619.827897279407,277275134417.7724,13997097.775601175,14.86743407126079,16.21364023579277,2871.143324518264,0.763522217697268
180,28.460674164459498,3.366667594548189,0.9946978205596558,12.824219020849204,20.976700005914896,441066999407.12866,211854989205.21002,304613528845.18066,7093.009475430044,9328.143384293584,304613545266.3335,13997070.799020454,18.514789458285083,20.976700005914896,2889.7094900815123,0.7610934054391458
181,28.749051097755665,3.366671193455427,0.9946988838737744,15.11768690429836,25.772399665705315,453193657695.2054,219918601728.78885,322729655049.9602,7795.709933802303,10851.963746858171,322729673697.6339,13997039.345528958,21.78019327843672,25.77239966570532,2913.1018780974923,0.7424088491592835
182,28.90210384705274,3.3666649050551625,0.9946970259362554,19.14352308668756,30.05430069654886,457575742421.8124,224055011791.21664,331290214890.263,8201.838758113068,12026.77242146176,331290235118.87415,13997004.567415245,24.302428203110512,30.054300696548864,2941.075855855463,0.7292490168953903
183,28.853488331248023,3.3666465161564267,0.994691592849388,33.81105024828109,33.55625132040356,458531096545.04016,225701774812.6529,334369743881.8272,8445.95437914097,12887.307972745928,334369765215.0896,13996967.281629534,26.21340941775109,33.55625132040357,2972.9487097274073,0.7400072883730717
184,28.670849128375835,3.3666288037557615,0.9946863596370663,48.478577409874624,36.53365003555332,461811276277.6265,227328594428.6232,338572276970.3799,8780.558039303496,13681.696582351367,338572299432.6345,13996927.342603698,28.1018516131995,36.53365003555333,3008.0218946528744,0.7720431308708402
185,28.44373581560073,3.366626995505207,0.9946858253809109,63.14610457146816,39.52695685461558,469208537580.45654,230382949782.13275,347510614505.21655,9339.87205286921,14649.722168033317,347510638494.8108,13996884.013030035,30.427752801000153,39.52695685461558,3046.032260308963,0.8153317280406677
186,28.261697970087262,3.366656319056804,0.9946944891625423,77.8136317330617,43.008177188648816,479774425348.7577,235017581456.95895,361432601753.957,10136.204700095072,15919.255191726286,361432627809.4169,13996836.35196866,33.39353970845418,43.00817718864882,3087.246314443809,0.8572108517339673
187,28.195981991765255,3.3667259570490993,0.9947150640358314,117.84104667473825,47.20555735014492,491474401613.15326,240584340793.8999,378227806072.1791,11094.465716040555,17486.504907968974,378227834653.14966,13996783.555061584,36.94950120416654,47.20555735014492,3132.28987986135,0.886026650750361
188,28.186822813199626,3.366801822797606,0.994737478929068,163.81707726853296,52.049351332740784,502165162826.7114,246136433639.06235,394545352009.9074,12080.03005398139,19224.323735734146,394545383314.26117,13996725.262149215,40.81804795998911,52.049351332740784,3181.8704514925257,0.9062192160498749
189,28.117362297592734,3.366830973417607,0.9947460916172437,209.7931078623277,57.33711780200436,511383995322.08777,251167243900.0038,409065897528.8266,13047.548653800492,21037.137472834307,409065931613.5127,13996661.280757448,44.84764797606247,57.337117802004364,3236.5344767742286,0.9324978101752731
190,27.870506079680112,3.366760388004913,0.9947252368241289,255.7691384561224,63.050685731139836,520549530411.2489,255968084909.31702,423625209754.3602,14107.753913081764,22998.3122143538,423625246860.42633,13996590.993527608,49.264584524309925,63.05068573113984,3296.691202136558,0.981914080554651
191,27.33394916796387,3.3665416513857798,0.9946606100582788,280.9823509645899,69.61373064764379,532031202702.3748,261430245071.8811,442520164581.9257,15520.828600146206,25414.063804490357,442520205516.8181,13996512.692898475,54.76237919504937,69.6137306476438,3362.930991682673,1.0613167956571445
192,26.516620366041032,3.3662429336037767,0.994572352480607,283.70251054728544,77.82336730483786,545722442676.29645,267717464100.79132,469675047093.90936,17555.008864178002,28746.605911980027,469675093395.5241,13996423.560712967,62.14045706690466,77.82336730483787,3436.4754626611893,1.129622651484046
193,25.555176197797543,3.366055234842497,0.9945168959962576,286.42267012998093,87.92067914802855,553593725341.6987,271953102904.2711,501011781723.46423,19953.531547949067,33103.00752636333,501011834780.0033,13996322.11530762,70.78833628401108,87.92067914802855,3519.175676948165,1.1100307304154828
194,24.592362454576048,3.3661754110666657,0.9945524026285303,289.1428297126765,98.242787947295,543553426178.87036,269053546483.19226,521757992518.9615,21607.882272830175,37623.036160955315,521758051749.8799,13996211.773801267,77.69200215087801,98.24278794729501,3612.29140863468,0.9795427886087688
195,23.77077515797902,3.366799794407862,0.9947368796317507,283.87852087322426,105.118252685875,509956394527.99286,255842034452.15,515255314632.4109,21194.44689944776,40505.10421833837,515255376331.96204,13996101.576452022,78.94690095215111,105.11825268587502,3714.358394339555,0.8030720405977805
196,23.166118726039763,3.367890757595389,0.995059209851313,233.36889097493705,105.16516388908666,460202506314.1114,234325740876.91434,476921041924.22253,18515.548279006325,40172.6136222073,476921100612.38446,13996001.409693178,73.31245640405872,105.16516388908666,3820.1126865290653,0.6476365043377513
197,22.682134179971857,3.368809215905196,0.9953305726910895,182.85926107664983,97.88073281735008,407306007323.5513,209537952533.3123,417734712892.72394,14701.04503479028,36594.3724891716,417734764188.1415,13995916.836041607,63.10574733874139,97.88073281735008,3922.1774782369457,0.5164674366189134
198,22.1953099953105,3.368820766382578,0.9953339853341128,132.3496311783626,84.98791232352991,354417604051.30896,183849535244.68073,349713335676.2664,10767.090060987055,30769.084091405577,349713377212.4406,13995850.471511085,50.57434141016962,84.98791232352991,4013.9662351817137,0.3961456705311991
199,21.582134647590916,3.367191006072834,0.9948524649634167,81.8400012800754,68.69657163550809,299499618075.77905,157323823030.88107,279188713299.77637,7220.875036303201,23813.77603710591,279188744334.4275,13995803.092799751,37.2321951476651,68.6965716355081,4090.978433465739,0.27777363443473657
200,20.741923595705675,3.3635048805816106,0.9937633818004793,60.458480230840266,51.051933525685364,239202062566.09818,129095846689.28491,208028356435.21512,4273.373037305083,16622.73461598226,208028377331.32278,13995773.757333662,24.33182545208642,51.051933525685364,4150.858907359868,0.16627635549413441
201,19.732270887013907,3.359561646471424,0.9925983346833507,45.47093429481196,34.12540726862576,173097246189.5053,99158854040.7356,138357595384.7304,2084.994565308091,10012.853296135983,138357607482.57828,13995759.19332316,13.395124667128423,34.12540726862576,4193.286144904655,0.08319037356774818
202,18.67782733722521,3.358098681741996,0.9921660948535932,30.483388358783657,20.163352589619127,110833842055.04611,70620831890.35007,78609582218.88718,795.0989637485987,4953.792701862584,78609587967.77885,13995753.699067084,6.030214906206111,20.163352589619127,4220.107365420055,0.03564404720584682
203,17.70348521053177,3.361856742247411,0.9932764315557733,15.495842422755352,10.532453646495755,63039016843.31561,47128546579.756386,37426107446.597244,233.79117593384603,1945.046991844902,37426109625.43541,13995752.141766666,2.2396285650303986,10.532453646495755,4235.0861511229705,0.013897562772176717
204,16.93159957312409,3.3733222781493923,0.9966639782181518,7.852193995381063,4.950052759365779,32987002625.172752,30136691120.72598,15297047134.92286,54.90665943579375,602.6080462561579,15297047792.437565,13995751.797881588,0.7140102453494309,4.950052759365779,4242.538055406945,0.005467840640020335
205,16.42333562675172,3.3888486231434074,1.0012513100806182,7.852193995381063,2.1479484644715257,17078105195.232637,18890490889.43527,5842591148.942216,11.446566278746099,152.37941296652977,5842591312.768195,13995751.733035885,0.20587153299157962,2.1479484644715257,4245.91314411774,0.002415344571663027
206,16.177051401079844,3.398493890224097,1.0041010497339815,7.852193995381063,0.8818812915211094,9469729915.040545,11781608829.875317,2358540189.957284,2.539961217654193,33.55813353734111,2358540226.055379,13995751.721427785,0.05601903980126922,0.8818812915211094,4247.340671883445,0.0012981455755655383
207,16.188244197232663,3.3920294589298265,1.0021911030169428,7.852193995381063,0.3490084918794846,5915716707.347937,7374353881.24622,1108377313.0624523,0.7487699516123979,6.981797417661291,1108377320.7930198,13995751.7192699,0.014784104554439051,0.34900849187948463,4247.916937503915,0.0008967613609404118
208,16.452333710790743,3.3592597514674756,0.992509138380469,7.672983481697598,0.13483885920828023,4255587397.737184,4669277033.010145,626426220.1963011,0.3420622020934016,1.528517288943441,626426222.0668806,13995751.718811296,0.0038529807628553104,0.13483885920828023,4248.142496864102,0.0008064580614284766
209,16.935476284453518,3.3024488575316715,0.975724091803997,6.552917771175917,0.051286321916705284,3532118527.809323,3037563811.830936,421865384.85408556,0.24225348048444664,0.42148537625372967,421865385.5178244,13995751.71868461,0.0010088777030356428,0.051286321916705284,4248.229020190402,0.0009103112524227884
210,17.530718988475606,3.2549891257227457,0.9617018901850636,5.432852060654236,0.019315115517444983,3351611116.858994,2103342046.994069,333035638.21607304,0.24287212306891082,0.1947273800744535,333035638.6536725,13995751.718628643,0.0002763575300556903,0.019315115517444983,4248.261779883872,0.0011790095122018334
211,18.119879128431204,3.2550542820331523,0.9617211409242996,4.312786350132555,0.0072389953379685314,3549543054.2696767,1643566588.2420805,303108501.16676193,0.30326717744472,0.1694547833076879,303108501.6394839,13995751.718580322,9.381484242685033e-05,0.007238995337968532,4248.274086867479,0.0016053869895323628
212,18.584774009894552,3.340818052455345,0.987060451422336,3.192720639610874,0.0027255171270480242,4108646789.2414956,1523406240.9507134,316155298.0617507,0.42636065498486747,0.2165537337646285,316155298.7046651,13995751.718509763,6.223821911294159e-05,0.0027255171270480242,4248.278702481174,0.0021448777132634864
213,18.833270905563477,3.533239561463055,1.0439122938640177,3.267925051603023,0.0010677225146713469,5074242727.898961,1662942524.8934445,370254433.59258926,0.6231334392421641,0.31614210666281006,370254434.53186476,13995751.718387714,8.391192580382655e-05,0.001067722514671347,4248.280460651904,0.0026678854613535097
214,18.948244135621557,3.73762801462082,1.1042998263999917,3.587943826037791,0.0004917856971867676,6401423602.387435,1999622210.9800253,460393766.6703857,0.8747392882856907,0.4601878718731039,460393768.00531286,13995751.718187734,0.00013291580961485955,0.0004917856971867676,4248.281187564009,0.003169634118157491
215,19.08464036894318,3.8116650424815757,1.1261744154960653,3.907962600472559,0.00033282612487977274,7959403947.448376,2475510772.0587215,584159610.5379351,1.1807434577775948,0.6445465989205487,584159612.3632252,13995751.717887642,0.00020044153322989715,0.00033282612487977274,4248.281579090481,0.0038459054906518748
216,19.397630105109762,3.6128843615371387,1.0674437257110136,4.227981374907327,0.0003490987854182892,9654319898.300488,3056198197.1692305,753532809.4019995,1.628280566348928,0.9011225270686984,753532811.9314026,13995751.71744266,0.0002980476182030644,0.0003490987854182892,4248.281910193935,0.005162538304656167
217,20.03519242473126,3.0085585112452455,0.888892802784547,4.921355386182654,0.00048872954605587,11487240828.83243,3751347948.3042045,1014936771.6616122,2.5138110905828643,1.3660772746452883,1014936775.5415006,13995751.716701262,0.000491622506506157,0.0004887295460558701,4248.282318386248,0.008295014805658297
218,20.979903772074348,2.0899529592796475,0.6174864596178393,5.9880846342985405,0.0008848630208129259,13165605220.29723,4546247414.577825,1474194575.7001772,4.759583199938827,2.4867885253515865,1474194582.946549,13995751.715095337,0.0010455943180205307,0.000884863020812926,4248.282974205181,0.015586193366377612
219,22.04893795506237,1.1723261015301143,0.34636927627353004,7.054813882414427,0.0021655982946513818,13287577688.987255,5103867387.225044,2223593985.819143,10.553432773842644,5.506110464260745,2223594001.8786864,13995751.710481983,0.0029686612433661454,0.0021655982946513818,4248.284383757784,0.029872034658991357
220,23.052277362647256,0.5806751568523301,0.17156321399519192,8.121543130530313,0.006512668042230981,10342046902.028109,4714078764.555818,3117864268.1123047,22.75038137253687,12.992172034626535,3117864303.8548584,13995751.695675015,0.009482333171152523,0.006512668042230981,4248.2883299833375,0.05050215823654994
221,23.800204409981074,0.6394317547429754,0.188923127982533,9.460288336915733,0.01938932215991989,6359874533.842202,3484862603.134932,3772090119.535224,40.76984155691722,27.839586799848625,3772090188.1446524,13995751.653083483,0.027235969873435607,0.01938932215991989,4248.300291225209,0.06925533670720341
222,24.19960842196818,1.4909106291236938,0.44049657763661243,12.127111457205467,0.04844243077255184,8092513877.343393,3711168122.945158,4348444672.116027,59.638251639148145,50.12639875633801,4348444781.880677,13995751.557221767,0.06171451638173169,0.048442430772551844,4248.332621286285,0.0821630624378717
223,24.391960922505866,2.83520781602703,0.8376755222293514,14.7939345774952,0.09747920404391655,23588132434.714756,8637901507.736395,6325827281.683769,84.73715896906039,79.0794130411974,6325827445.500341,13995751.387218047,0.11139688977806542,0.09747920404391656,4248.403905859244,0.10347420810371212
224,24.55365122114266,4.306594673525601,1.2724037094504494,17.460757697784935,0.16885070482583187,64839862574.22386,22367847694.1485,12633359104.673954,147.7501464548222,125.28911146265342,12633359377.713213,13995751.114225466,0.1820857952845553,0.1688507048258319,4248.534838034086,0.15124908683424038
225,24.861068627427017,5.53934255969202,1.6366248869896056,20.12758081807467,0.28565134714705126,151307372474.10953,52461009420.93342,28645260235.791416,318.2281590861742,227.17699493340425,28645260781.19657,13995750.64122145,0.31690563312897463,0.28565134714705126,4248.756221569082,0.24122404198972228
226,25.458288617700905,6.2219196865816,1.8382955186790564,28.439535119393682,0.5361775483182161,296975333343.9213,107041258564.09381,63252292923.961586,738.2923155780991,478.91290203690744,63252294141.1668,13995749.66637012,0.6477660181835775,0.5361775483182161,4249.149686313599,0.39033115919551353
227,26.27901353023387,6.395632698419483,1.889619847388492,37.82675250281348,1.163663578064927,491955072072.77594,187562464154.19162,127441084453.65262,1667.4498048823846,1079.5063307314197,127441087200.60875,13995747.37868299,1.5051999355600605,1.1636635780649272,4249.952453496748,0.5865056141515639
228,27.17273992241074,6.243018417291133,1.8445292381847578,47.21396988623328,2.691020066428185,700042787903.3784,283479379715.1479,226411065366.91452,3383.804525456225,2343.3727721339365,226411071094.09183,13995742.032148428,3.501801635494923,2.691020066428185,4251.775029869816,0.7680324557361247
229,27.988741040383726,5.946988203523549,1.7570657152247662,56.601187269653074,5.879238299839615,868051517068.7062,372561803459.3002,347892031463.72687,5853.629343527724,4531.498083010202,347892041848.8543,13995730.974623652,7.2579612395891715,5.879238299839616,4255.888176808396,0.8759447951404203
230,28.58125281204957,5.685599032697776,1.6798370517952883,65.6347839073225,11.242863389107216,961262207693.933,434471171618.3025,462973740895.60376,8555.623597744256,7541.759236840615,462973756992.9866,13995711.791674128,12.705655442061165,11.242863389107216,4264.2598070410295,0.9181382904481922
231,28.91346662957269,5.530330072072641,1.633962105012753,74.32862727946703,18.52361541782829,997749480769.4924,468337268324.28467,549060606421.23376,10953.515640252228,10914.654517313154,549060628289.40393,13995683.442908103,19.022943315810235,18.52361541782829,4279.010533163715,0.936600488263712
232,29.05472370634643,5.448827098113773,1.609881666926944,83.02247065161156,26.927896253152635,1014179368362.0159,486201226072.2314,605456900204.8422,12974.936490918528,14256.544226703872,605456927436.3229,13995645.885493558,25.509127224458883,26.92789625315264,4301.677482964488,0.9543132504159131
233,29.078766689183798,5.404430503151139,1.5967644835373174,91.71631402375608,35.77353445110399,1026692534607.9286,497185279117.44867,642686530707.4998,14805.177195783395,17458.310525457746,642686562970.9875,13995599.261494808,31.95294546978924,35.77353445110399,4333.012025271208,0.9780499232171778
234,29.059254480327482,5.360523619340901,1.5837919876175144,107.66818320008137,44.78628959983939,1039904455666.4344,505833874361.6131,670822272711.565,16634.989523614913,20605.637011126615,670822309952.1914,13995543.462968744,38.468248978629056,44.78628959983939,4373.282492677194,1.0035135325538305
235,29.046587851776415,5.29241532894746,1.5636690719705681,156.68439215100636,53.96161424349,1049857244780.2922,512384775943.97253,694311723818.2379,18523.23943380452,23790.28215232754,694311766131.7594,13995478.244066034,45.15251584258206,53.96161424349,4422.641803880416,1.023757115048893
236,29.036269850573312,5.203563190114642,1.5374172884585318,205.70060110193134,63.30071320122835,1050521253827.1613,515000396074.9636,712756301709.5887,20398.285195140445,27005.884966046196,712756349113.7589,13995403.509759383,51.92742543718437,63.30071320122835,4481.262101978312,1.0395954330453014
237,29.015886158145783,5.101484371082985,1.5072576198947216,254.71681005285632,72.75958579251208,1042496461969.1871,513419213989.66614,725724135484.7566,22215.44595414435,30221.740785836355,725724187921.9434,13995319.20618472,58.74842489875504,72.7595857925121,4549.285804588113,1.0536462174632066
238,28.97302245592148,4.993696040093029,1.4754110490924564,303.7330190037813,82.32156836582384,1028222246758.5267,508408126865.7202,733867183198.8334,23979.28666650596,33433.2816173476,733867240611.4016,13995225.213778144,65.64522008685016,82.32156836582385,4626.819433403578,1.0693128373908445
239,28.894515735655354,4.88669388283238,1.443796757026704,318.79256916405757,92.06567881969916,1010837848574.1311,501270485831.40283,738906710443.1863,25752.641519989458,36694.04905069818,738906772889.8768,13995121.173807973,72.76491774181339,92.06567881969917,4713.995595465445,1.0908127758356154
240,28.762478761839716,4.780528036317089,1.4124295569153422,327.85976777304256,102.23972215561545,993691214790.7158,493550188687.38885,743427565758.4065,27669.94093521338,40144.64818231368,743427633572.9956,13995006.224632412,80.43083987114738,102.23972215561545,4811.104805561042,1.123807259709902
241,28.557186633841187,4.672741400008605,1.3805834868147109,336.9269663820276,113.35823684733437,979032043927.6008,486479789254.6038,750693137786.8533,29964.788119984638,44055.04635805792,750693211806.6877,13994878.595707208,89.23918282675508,113.35823684733437,4918.806873117992,1.1743074263923396
242,28.258910336509576,4.560871259684491,1.3475309261917687,345.99416499101267,126.30218278519533,968156876404.2507,480892396660.56805,764111591351.9111,32976.96294724121,48857.27296499883,764111673186.147,13994735.125837473,100.11836086956244,126.30218278519534,5038.453618872043,1.2469417001461793
243,27.848662129605355,4.442078014966391,1.3124329017210274,357.80712468464793,142.377682877768,961144423767.051,477074752881.7369,786533419933.249,37143.83211228566,55162.7743315119,786533512239.8555,13994570.80283818,114.33567538361008,142.377682877768,5172.483803558408,1.3416716864930578
244,27.32300316364165,4.305616548129881,1.2721147176887049,372.1546330718067,163.2725994570121,955795271771.9901,474319203281.8312,819176677431.4043,42947.98737189137,63746.05959982107,819176784125.4513,13994378.517683677,133.3706177135921,163.27259945701212,5324.839099152021,1.4452541083429207
245,26.693252944101026,4.133238155949402,1.221184708652125,386.50214145896547,190.68857924957896,944595231095.1561,469699068899.1258,859159304431.4918,50670.29884199674,75363.86585944585,859159430465.6565,13994149.80027956,158.31030177428588,190.68857924957896,5501.200839416568,1.5257291375510118
246,25.971314009258787,3.9063977040307964,1.1541636271816553,400.8496498461242,225.40966174564625,914940122445.1973,457818936569.4111,897242196804.8309,59908.801998417235,90318.66364732811,897242347032.2966,13993877.311182749,188.68593937211196,225.40966174564625,5708.593216133716,1.5360741547260262
247,25.169096477532804,3.606632682764357,1.0655966377299504,399.1652843633495,265.61582819159446,853149347957.3097,432273597474.169,917369286833.6721,68863.97146950192,107642.70113668326,917369463340.3447,13993560.032926973,220.65768096078799,265.61582819159446,5953.693563874663,1.43282964252394
248,24.300342480269066,3.2354498208498965,0.955928910398242,329.13450922454155,304.62661581944934,749326142369.7537,387942647633.4436,899037453236.582,73807.91804747787,123946.52052508094,899037650991.0206,13993211.055304585,245.19137654974355,304.62661581944934,6239.126703045782,1.2089317446675603
249,23.38299806891494,2.8401792585203585,0.8391443583630877,259.1037340857336,329.84140367145676,607599308109.5648,325348296726.36346,824889259397.1056,70164.83451933655,132938.7943875847,824889462500.7345,13992863.159173625,249.13008870597892,329.8414036714568,6557.8693339979745,0.9102422711953652
250,22.43559661064096,2.47455297273077,0.7311183476564878,189.07295894692567,326.48226351409465,451978265907.4878,253554466334.79703,692468911585.5046,56226.326675785014,127669.9189445008,692469095481.7502,13992562.27472224,222.57858434206523,326.48226351409465,6888.664429902975,0.6092662662653494
251,21.476671472617657,2.192302940436161,0.6477262443104438,119.04218380811773,287.2307042694105,309407897087.87146,184412749219.83984,520931968921.51794,36380.526280958366,105875.12665933654,520932111177.1709,13992345.353219904,169.14035672220942,287.2307042694105,7198.275719104375,0.3631546954558415
252,20.52475602201557,2.0471611385915605,0.6048434143569567,89.00948855666226,220.4861528685825,198080622528.92007,126950809056.44852,345091766985.7599,18480.47127021224,73720.57189490978,345091859186.80304,13992218.881083984,107.00380693278325,220.48615286858254,7453.628956214707,0.1936448165107356
253,19.598383626005205,2.092859544151997,0.6183452238280273,65.48810863570681,146.8032782842742,122392708797.04073,84581354399.55705,198776763500.10532,7300.504830608531,42337.43052999994,198776813138.04068,13992160.268996278,55.98348409365949,146.8032782842742,7636.944241344243,0.09309683497244726
254,18.716087651757118,2.3831301340725006,0.7041070387556572,41.966728714751355,85.33031478042788,75886620579.55957,55854168534.15048,99093240249.9118,2262.32051587681,19881.47619740953,99093262393.70851,13992138.761972593,24.41610939982419,85.33031478042788,7751.491603226604,0.04088752216385813
255,17.896401466441826,2.9717048853080996,0.878004225171847,18.4453487937959,44.00335290708735,48455620121.05347,37153765340.50854,43129944823.52137,563.2737803124396,7621.829092253378,43129953008.624245,13992132.466338754,9.05510159636004,44.00335290708735,7814.475206742853,0.016766337903784918
256,17.157858437229862,3.912315774813822,1.1559121491085975,0.0,20.57321554028433,31966376790.468258,25015389461.35197,16899666952.836847,117.06054553321587,2395.1534359638313,16899669465.050829,13992130.971320845,2.9372033003241445,20.57321554028433,7845.518260314205,0.006646301013294254
257,16.518991931291758,5.2586947795447,1.553706176597911,0.0,8.923604336613534,21751980059.822205,17027069198.235126,6338810495.470151,21.550531969596786,623.2690451600214,6338811140.289728,13992130.676050909,0.860435716373633,8.923604336613534,7859.539909038149,0.0026825818378562807
258,15.99833531579803,7.064573876455758,2.0872616736717866,0.0,3.6666547373662244,15465710021.261972,11719240105.899794,2486169548.388153,3.890665183044055,136.70512773000976,2486169688.983946,13992130.625911443,0.2348554241295407,3.666654737366225,7865.472578395941,0.0011781692401204437
